{
  "bytes": 100712,
  "contributors": [
    {
      "email": "rufus.pollock@okfn.org",
      "title": "Rufus Pollock"
    },
    {
      "email": "kdkusano@gmail.com",
      "title": "Kristofer D. Kusano"
    }
  ],
  "datahub": {
    "created": "2017-11-08T23:58:27.550730",
    "findability": "published",
    "flowid": "core/currency-codes/7",
    "modified": "2018-03-15T06:15:26.913842",
    "owner": "core",
    "ownerid": "core"
  },
  "hash": "c3453a9bbfece34cfa97f07db2018b4e",
  "homepage": "http://www.iso.org/iso/currency_codes",
  "id": "core/currency-codes",
  "keywords": [
    "iso",
    "iso-4217",
    "currency",
    "codes"
  ],
  "licenses": [
    {
      "id": "odc-pddl",
      "label": "Open Data Commons Public Domain Dedication and Licence (PDDL)",
      "url": "http://opendatacommons.org/licenses/pddl/"
    }
  ],
  "maintainer": [
    {
      "email": "rufus.pollock@okfn.org",
      "name": "Rufus Pollock"
    }
  ],
  "name": "currency-codes",
  "resources": [
    {
      "bytes": 17236,
      "datahub": {
        "type": "original"
      },
      "dpp:streamedFrom": "https://s3.amazonaws.com/rawstore.datahub.io/75f677233d68c15e9b74ffbf38334885.csv",
      "encoding": "utf-8",
      "format": "csv",
      "mimetype": "text/csv",
      "name": "codes-all_original",
      "path": "archive/codes-all.csv",
      "profile": "data-resource",
      "schema": {
        "fields": [
          {
            "description": "Country or region name",
            "name": "Entity",
            "type": "string"
          },
          {
            "description": "Name of the currency",
            "name": "Currency",
            "type": "string"
          },
          {
            "description": "3 digit alphabetic code for the currency",
            "name": "AlphabeticCode",
            "title": "Alphabetic Code",
            "type": "string"
          },
          {
            "description": "3 digit numeric code",
            "name": "NumericCode",
            "title": "Numeric Code",
            "type": "number"
          },
          {
            "description": "",
            "name": "MinorUnit",
            "title": "Minor Unit",
            "type": "string"
          },
          {
            "description": "Date currency withdrawn (values can be ranges or months",
            "name": "WithdrawalDate",
            "title": "Withdrawal Date",
            "type": "string"
          }
        ]
      },
      "size": "16863"
    },
    {
      "bytes": 499,
      "datahub": {
        "type": "derived/report"
      },
      "description": "Validation report for tabular data",
      "dpp:streamedFrom": "/tmp/tmprpjnz1md/core/currency-codes/validation_report/data/99ece1837fcec61a96a58f961fbf0c39/validation_report.json",
      "encoding": "utf-8",
      "format": "json",
      "hash": "99ece1837fcec61a96a58f961fbf0c39",
      "name": "validation_report",
      "path": "data/validation_report.json",
      "profile": "data-resource"
    },
    {
      "bytes": 17627,
      "datahub": {
        "derivedFrom": [
          "codes-all"
        ],
        "type": "derived/csv"
      },
      "dialect": {
        "delimiter": ",",
        "doubleQuote": true,
        "lineTerminator": "\r\n",
        "quoteChar": "\"",
        "skipInitialSpace": false
      },
      "dpp:streamedFrom": "/tmp/tmprpjnz1md/core/currency-codes/codes-all_csv/data/683e7919691d387ab7352fda065f0ae3/codes-all_csv.csv",
      "encoding": "utf-8",
      "format": "csv",
      "hash": "683e7919691d387ab7352fda065f0ae3",
      "mimetype": "text/csv",
      "name": "codes-all_csv",
      "path": "data/codes-all_csv.csv",
      "profile": "data-resource",
      "rowcount": 437,
      "schema": {
        "fields": [
          {
            "description": "Country or region name",
            "name": "Entity",
            "type": "string"
          },
          {
            "description": "Name of the currency",
            "name": "Currency",
            "type": "string"
          },
          {
            "description": "3 digit alphabetic code for the currency",
            "name": "AlphabeticCode",
            "title": "Alphabetic Code",
            "type": "string"
          },
          {
            "decimalChar": ".",
            "description": "3 digit numeric code",
            "groupChar": "",
            "name": "NumericCode",
            "title": "Numeric Code",
            "type": "number"
          },
          {
            "description": "",
            "name": "MinorUnit",
            "title": "Minor Unit",
            "type": "string"
          },
          {
            "description": "Date currency withdrawn (values can be ranges or months",
            "name": "WithdrawalDate",
            "title": "Withdrawal Date",
            "type": "string"
          }
        ]
      },
      "signed": true,
      "size": "16863"
    },
    {
      "bytes": 64004,
      "datahub": {
        "derivedFrom": [
          "codes-all"
        ],
        "type": "derived/json"
      },
      "dpp:streamedFrom": "/tmp/tmprpjnz1md/core/currency-codes/codes-all_json/data/3878667291c4a12eff7f4294013da4e5/codes-all_json.json",
      "encoding": "utf-8",
      "format": "json",
      "hash": "3878667291c4a12eff7f4294013da4e5",
      "mimetype": "text/csv",
      "name": "codes-all_json",
      "path": "data/codes-all_json.json",
      "profile": "data-resource",
      "rowcount": 437,
      "schema": {
        "fields": [
          {
            "description": "Country or region name",
            "name": "Entity",
            "type": "string"
          },
          {
            "description": "Name of the currency",
            "name": "Currency",
            "type": "string"
          },
          {
            "description": "3 digit alphabetic code for the currency",
            "name": "AlphabeticCode",
            "title": "Alphabetic Code",
            "type": "string"
          },
          {
            "description": "3 digit numeric code",
            "name": "NumericCode",
            "title": "Numeric Code",
            "type": "number"
          },
          {
            "description": "",
            "name": "MinorUnit",
            "title": "Minor Unit",
            "type": "string"
          },
          {
            "description": "Date currency withdrawn (values can be ranges or months",
            "name": "WithdrawalDate",
            "title": "Withdrawal Date",
            "type": "string"
          }
        ]
      },
      "signed": true,
      "size": "16863"
    },
    {
      "bytes": 1346,
      "dpp:streamedFrom": "/tmp/tmpgkuaxmum/README.md",
      "format": "md",
      "name": "readme",
      "path": "README.md"
    }
  ],
  "sources": [
    {
      "email": "office@currency-iso.org",
      "name": "SIX Interbank Clearing Ltd (on behalf of ISO)",
      "title": "SIX Interbank Clearing Ltd (on behalf of ISO)"
    }
  ],
  "title": "ISO 4217 Currency Codes"
}